anastasisbele,Data Analyst,Persado,Dec 2019 ‚Äì Present,Greater New York City Area,
anastasisbele,Operations Research Analyst,Cornell Tech,May 2019 ‚Äì Sep 2019,Greater New York City Area,"‚Ä¢	Design optimization software for optimal assignment of offices to Cornell Tech faculty and staff‚Ä¢	Define relevant parameters, collect preference data and build mixed integer programs using Gurobi/Python"
anastasisbele,Project Analyst,Philip Morris International,Jun 2016 ‚Äì Oct 2017,Neuch√¢tel,"‚Ä¢	Planned and executed operational projects for the Southeastern European markets by coordinating stakeholders in Procurement, Design, Production, Planning and Marketing to ensure the timely delivery of products‚Ä¢	Represented a team of 17 in the interdepartmental initiative for the reengineering of supply chain processes‚Ä¢	Honored with annual company award for contributing to the development of Excel dashboards from SAP and PLM data, reducing missing Bills of Materials by 80% while being consulted by more than 100 internal stakeholders‚Ä¢	Trained colleagues from other departments in the team‚Äôs analytics tools

    
‚Ä¶

        see more"
anastasisbele,Analyst,Humatica,Mar 2016 ‚Äì May 2016,"Z√ºrich Area, Switzerland","Internship in a boutique consulting firm on strategy and sales projects. Support provided in industry, market and technology research, analysis of sales data, and presentations for clients."
anastasisbele,Procurement Analyst,Philip Morris International,Jan 2016 ‚Äì Mar 2016,"Lausanne Area, Switzerland",Analysis of suppliers' performance data from the affiliates' global survey. Generation and presentation of results per supplier based on multi-dimensional rating system.
anastasisbele,Supply Chain Intern,Philip Morris International,Feb 2015 ‚Äì Aug 2015,"Lausanne Area, Switzerland","Master Thesis Project: ""Optimizing the Supplier Relationship Management Processes for Technical Procurement"". Responsibilities and achievements:‚Ä¢	Led workshops with senior management to revise and apply the supplier relationship management process‚Ä¢	Introduced regression analysis and 4-dimensional graphs to improve efficacy of suppliers‚Äô segmentation‚Ä¢	Enhanced risk management process by quantifying suppliers‚Äô risk through a new index‚Ä¢	Applied multi-criteria decision analysis to redefine the KPIs of the global suppliers‚Äô performance survey

    
‚Ä¶

        see more"
anastasisbele,Research Assistant,EPFL (√âcole polytechnique f√©d√©rale de Lausanne),Mar 2014 ‚Äì Jun 2014,"Lausanne Area, Switzerland",Encoding and analysis of data on youth unemployment and entrepreneurship in Greece
anastasisbele,Wired Communication Technician,Hellenic Army,Nov 2012 ‚Äì Aug 2013,Greece,Military service in the Technical Corps. Trained to serve as a technician at the Telecommunications Base Factory in Athens.
anastasisbele,Communications Engineer Trainee,Infitheon Technologies,Oct 2011 ‚Äì Jan 2012,"Athens, Greece",Development and Management of innovative ICT projects like low power wireless sensor network for spacecraft applications.
anastasisbele,Summer Intern,HELLENIC PETROLEUM Group of Companies,Jul 2010 ‚Äì Aug 2010,"Aspropyrgos, Greece",Task scheduling under the Maintenance & Programming department of the Aspropyrgos Refinery near Athens. Development of the initial digital logic design for a fire alarm system.
paulananya,"Software Engineering Intern, Rider Vertical",Uber,May 2019 ‚Äì Aug 2019,"Seattle, Washington","As a Software Engineering Intern with the Reservations and Premium team, I built a web application which acts as an admin tool for operations to view geospatial and other information associated with reservations. As part of my project, I wrote the Product Review Document in collaboration with stakeholders like operations, product operations and the reservation team. The work involved proactively reaching out to stakeholders, gathering information, understanding how Reservations in Uber work, the pain points in the system. I closely worked with product operations and design and came up with a product and fleshed it out in the product review document. I also ensured the product impacts and meets the needs of Operations.Once the product documentation has been reviewed, I designed the architecture to build the stand-alone web application in collaboration with other engineers. I scoped out and planned the project, by breaking it down into milestones with timelines and communicated the progress with the stakeholders throughout the implementation phase. I successfully scaffolded an application, got it provisioned, configured and deployed following Uber‚Äôs toolchain. I followed an agile method of iteratively taking feedback from users and incorporating into the design. The application is built in Fusion.js, React, Redux for the front-end, Mapbox, Deck.gl for Maps, Baseweb.design for the UI, and tests are written in jest. I saw the product process from end-to-end from writing the product document to sending out a launch email to the users.

    
‚Ä¶

        see more"
paulananya,Software Engineer,4iQ,Jan 2018 ‚Äì Apr 2018,,"-Integrated HIDS host-based intrusion detection system into system infrastructure using Puppet shell-scripting, leading to 20 to 50 alerts for security infringements per day."
paulananya,Engineering Team Lead,Next Education India Pvt Ltd,Jun 2017 ‚Äì Jul 2017,"Hyderabad Area, India","- Headed the front-end development of NextTools, set of 15 web and touch-based education tools in HTML5 to replace the legacy flash-based software with a team of 5 software engineers leading to better user-experience.- Collaborated with a cross-functional team of product managers, designers and back-end engineers to gather requirements and lead 3 engineers to build HTML5 simulations for educational courses.

    
‚Ä¶

        see more"
paulananya,Software Engineer,"Aviso, Inc",Jul 2015 ‚Äì May 2017,"Hyderabad Area, India","- Developed configure UI, facilitating faster configuration changes for dynamic customer requestsConducted qualitative interviews of data science and customer service teams to identify gaps in customer onboarding; launched Configure UI to reduce onboarding time from 48 hours to 3 hours- Designed and implemented Zero Downtime Configuration (w/ AMI Bakery) in collaboration with other engineers that reduced time to launch and setup a node from 30 to 5 minutes- Setup continuous monitoring through OSSEC, New Relic and other scripts by plugging into PagerDuty, delivering 100% availability of the Aviso App for 15 months- Researched and evaluated various data analytics tools for front-end; integrated New Relic and MixPanel to support business teams to make infrastructure decisions   -Upgraded an entire application to new color and style, ensuring consistency of the new look & feel across the entire product.- Designed and implemented Feature Enablement Panel, to enable and configure various features for different tenants,  facilitating faster configuration changes for the frequent dynamic customer requests.- Created a monitoring mechanism for the health status of web and worker nodes of each stack, as part of the OpCenter Project, used internally to maintain infrastructure.

    
‚Ä¶

        see more"
paulananya,Project Engineering Intern,Variable Energy Cyclotron Centre (vecc),Aug 2014 ‚Äì Jul 2015,"Kolkata Area, India","Project title: PacketFence Network monitoring systemProject description: PacketFence is an open source network access control solution. Using PacketFence the access of the devices, connected on LAN (Local Area Network), can be controlled. Current version of PacketFence does not provide GUI based Network Monitoring facility.Network monitoring system is used for continuously monitoring the devices connected in the network and that notifying the network administrator in case of outages. It is part of network management.Using the network monitoring system the user can be able to know which devices are connected with each other, connected with the LAN (Local Area Network), router, switch and different workplaces. With the help of NMS user can be able to see/monitor the whole networking systems such as switches, routers, different workplaces and user can also monitor the connectivity of other devices in the graphical form which help user/network administrator to take necessary action for diagnosing the actual problem if occurred.This project is developed using JAVA language for the front-end and Mysql as backend database. The NMS application makes SNMP queries with networking devices for getting the current information of the network devices. For Implementing SNMP query features in the project SNMP4j package is used and for implementing GUI based features open source version of JGRAPH package is used.The project helps to understand the networking devices and its functionality. It also helps to understand network security related issues.

    
‚Ä¶

        see more"
paulananya,Engineering Intern,Polaris Networks,Jun 2014 ‚Äì Aug 2014,"Kolkata Area, India","Project title: Enhancement of License Utility SuiteProject description: License Utility Suite is the software, developed by Dynamic Digital Technology, for distribution and management of the licenses for its telecom software products. The License Utility Suite generates and verifies licenses and remotely delivers licensing access to the customers / evaluating customers of Dynamic Digital Technology.The work involves understanding the licensing mechanism used by the License Utility Suite, which includes in-depth understanding of several cryptographic techniques; the knowledge of hardware (USB dongle) based licensing is acquired. For enhancement and maintenance of the License Utility Suite, knowledge of C++ and MFC is acquired.

    
‚Ä¶

        see more"
jamie-yu-3348434b,Associate Data Scientist,Integral Ad Science,Aug 2019 ‚Äì Present,Greater New York City Area,ML for AdTech applications
jamie-yu-3348434b,"Data Science Intern, Recommendation Systems Team",WeWork,Jun 2018 ‚Äì Aug 2018,Greater New York City Area,"‚Ä¢ Implemented Implicit Matrix Factorization (IMF) to create algorithm to recommend WeWork app users to other users to foster networking opportunities‚Ä¢ Prototyped a hybrid collaborative filtering and content recommendation algorithm using LightFM‚Ä¢ Explored Discounted Cumulative Rate(DCG@k) as a metric to measure ranking quality on app feed; explored various discount, gain, and k values and their affect on the overall DCG metric‚Ä¢ Utilized SQL to explore and obtain data from redshift database necessary for data science and data analysis projects

    
‚Ä¶

        see more"
jamie-yu-3348434b,Lead Community Coordinator,Cru,May 2014 ‚Äì Jun 2016,East Asia,"‚Ä¢ Raised $45,000 (annually for a total of $90,000 raised) within 2 months by building a partnership network of 150 individual donors through cold calling, public presentations, in-person meetings, etc.‚Ä¢ Coordinated and facilitated a wide range of student life events for local college students that promoted cultural awareness training, community service‚Ä¢ Recruited, trained, and mentored student leaders over organizational leadership, grassroots movement building, cultural diversity and inclusion training, English speaking and writing, etc. ‚Ä¢ Drafted monthly newsletters using Adobe Spark to provide organizational updates and audience engagement to partnership network, highlighting key events and reporting overall progress‚Ä¢ Organized finances, lodging, transportation, and schedule for humanitarian aid trips to different parts of East Asia

    
‚Ä¶

        see more"
jamie-yu-3348434b,Research Intern,Lamont-Doherty Earth Observatory,Jun 2012 ‚Äì May 2014,Greater New York City Area,"‚Ä¢ Conducted field research at Black Rock Forest to study the respiratory response to changing temperature at three different latitudinal ranges‚Ä¢ Measured relevant leaf traits and respiratory responses such as Q10(temperature sensitivity), CNR(carbon to nitrogen ratio), and E0(activation energy) to provide different data benchmarks for tree species in different latitudes‚Ä¢ Utilized statistics methods such as ANOVA, t-test, Tukey Contrasts, and data normalization on collected data‚Ä¢ Collaborated with fellow researchers on a published research paper documenting our findings

    
‚Ä¶

        see more"
yun-zhang3384,Data Analytics Intern,KLA,Jun 2019 ‚Äì Aug 2019,California,"Worked with multi-sectors in a global environment to derive a statistical decision-making point by developing algorithms for Big Data analysis from project development to real-life industrial implementation.-	Designed and developed a time series data analysis methodology for tool to tool performance matching to generate service action plan for specific adjustment, calibration and diagnostic.-	Performed graphical visualization and statistical analysis of historic data for tool health with Python.-	Utilized DBScan outlier detection algorithm to remove outliers and optimized for outlier analysis accuracy improvement.-	Developed rolling method to further filter data and compared group mean and variance based on various assumptions. -	Hosted routine meeting and presented to stakeholders across organization with knowledge share, progress update and demo.

    
‚Ä¶

        see more"
yun-zhang3384,Research Assistant,Fidelity International,Jul 2017 ‚Äì Jul 2018,"Dalian, Liaoning, China","Provided data insights for actionable solutions and executable strategies for business.- Fit a multiple linear regression model to analyze the data of per capita disposable income, consumer price index, employment rate, urbanization rate and dependency ratio from the recent 30 years in order to forecast the GDP growth rate.- Optimized model by introducing ridge regression analysis as a solution to multicollinearity and selected the optimal penalty parameter by applying cross-validation to improve the accuracy of GDP growth rate prediction.- Utilized PCA to generate city development index rankings of 30+ Provinces of China based on component scores.- Collected and studied relevant data from 30+ enterprises and organizations by utilizing financial models in order to evaluate KPI.- Visualized the bond default occurrences of China geographically and chronologically, delivered trends prediction to fund managers straightforwardly.- Analyzed the data of bond default of China using time series, identified seasonality shifts and other movements related to location and industry.

    
‚Ä¶

        see more"
popov-v,Customer Success Specialist for AI Applications,Opex Analytics,Feb 2020 ‚Äì Present,Greater Chicago Area,
popov-v,Data Scientist,Opex Analytics,Jul 2019 ‚Äì Feb 2020,Greater Chicago Area,
popov-v,Applied Machine Learning Lead,The Learning Machine,Dec 2018 ‚Äì Present,Greater New York City Area,"‚Ä¢ Co-founded open source interactive website serves as an interactive textbookcontaining A-Z explanations of concepts and methods, algorithms and their codeimplementations from the fields of data science, machine learning, deep learning,natural language processing, statistics.‚Ä¢ Designed and developed content and layout for users; active contributor and peerreviewer to contributors

    
‚Ä¶

        see more"
popov-v,ML Blog Author,"Medium
        Self-employed",Aug 2019 ‚Äì Present,,‚Ä¢ https://medium.com/machine-learning-eli5‚Ä¢ Explaining complex concepts of Machine Learning and Data Science in layman terms.
popov-v,Private Tutor,PROFI.RU,Sep 2017 ‚Äì Jun 2018,"Moscow, Russian Federation",‚Ä¢ Preparing High School graduates for top Moscow technical universities entrance exams. ‚Ä¢ Subjects: Mathematics and Computer Science.
xiaohan-shen-2b909487,Member Of Technical Staff,Nutanix,Feb 2018 ‚Äì Present,San Jose,code Java and Python REST APIs for gateway team
xiaohan-shen-2b909487,Software Engineer Internship,Symantec,May 2017 ‚Äì Aug 2017,"Culver city, Los Angeles","‚û¢ Participated in developing Norton safe identity and safe web browser extensions on Safari, Chrome and Firefox(all posted!) using shell commands(for MakeFile), browser APIs, JavaScript and Jasmine(for unit tests). ‚û¢ Responsible for showing safety of website to users and blocking unsafe website. ‚û¢ Discovered and fixed bugs from legacy code that allow unsafe website avoid blocking through special URL.

    
‚Ä¶

        see more"
fangyuchou1993,Intern,Genentech,Dec 2018 ‚Äì Mar 2019,San Francisco Bay Area,
fangyuchou1993,Research Assistant Intern,Cornell Tech,Aug 2018 ‚Äì Dec 2018,Greater New York City Area,Small Data Lab at Cornell Tech
fangyuchou1993,"Software Engineer, Machine Learning summer intern",Weill Cornell Medicine,Jun 2017 ‚Äì Aug 2017,Greater New York City Area,
anna-mcgovern-75537627,Product Manager,Oscar Health,Oct 2018 ‚Äì Present,Greater Los Angeles Area,
anna-mcgovern-75537627,Associate Product Manager,Oscar Health,Oct 2017 ‚Äì Sep 2018,Greater New York City Area,"Built tools to help over 30,000 doctors and hospitals manage their practice and provide high quality care to our members. This includes taking a user-centric and data-driven approach to prioritize and deliver features and enhancements to our external provider website. Additionally, I support the Oscar call center with tools to optimize workflows and ensure that reps can easily answer questions from doctors.

    
‚Ä¶

        see more"
anna-mcgovern-75537627,Technical Chief of Staff,Oscar Health,May 2017 ‚Äì Nov 2017,Greater New York City Area,"Partnered directly with CTO on strategic projects preparing the technology organization for large milestones and rollouts such as the annual insurance enrollment period. Managed day to day operations for 100 person technology organization including budget, performance review process, and initiatives to enhance team culture."
anna-mcgovern-75537627,"Program Manager, Assistant Vice President",Citi,Dec 2014 ‚Äì Apr 2016,Greater New York City Area,"Managed CTO‚Äôs New York innovation lab; enabling innovation process across firm by facilitating rapid prototyping exercises, leading global crowd-sourced ideation campaigns and sharing best practices through training activities for 11,000 employees."
anna-mcgovern-75537627,Analyst,Citi,Jul 2013 ‚Äì Nov 2014,Greater New York City Area,
anna-mcgovern-75537627,Analyst Intern,Citi,Jul 2011 ‚Äì Dec 2012,Greater New York City Area,Completed two 6 month internships over a year and a half.
anna-mcgovern-75537627,Software Engineering Intern,Art Technology Group (Oracle),Jul 2010 ‚Äì Dec 2010,Greater Boston Area,
bingdi-chunyu-1535a0b4,Data Analyst,"VICE Media
        Full-time",Feb 2020 ‚Äì Present,"Brooklyn, New York",
bingdi-chunyu-1535a0b4,Data Analyst,"Capital One
        Contract",Nov 2019 ‚Äì Jan 2020,,
bingdi-chunyu-1535a0b4,Data Scientist Intern,SiriusXM,Jun 2019 ‚Äì Aug 2019,Greater New York City Area,"‚Ä¢ Conducted 3 statistical tests on 300,000 stakeholders by executing Teradata SQL and R with the aim of measuring the effectiveness of marketing strategy‚Ä¢ Gathered algorithmic requirements and statistical constructs that determine appropriate usage to execute analytic requests of business stakeholders‚Ä¢ Delivered 2 final presentations to Marketing and QC team for optimization

    
‚Ä¶

        see more"
bingdi-chunyu-1535a0b4,Research Assistant,Fordham Gabelli School of Business,Aug 2018 ‚Äì Mar 2019,Greater New York City Area,"‚Ä¢Web scraped over 50,000 runways reviews by 800 designers from Vogue.com and automated data extracting,transforming, loading (ETL) with Python Pandas‚Ä¢Proposed NLP model to analyze future fashion trends based on runaway reviews with NLTK‚Ä¢Applied K-means clustering model to quantify originality and similarity among numerous fashion weeks

    
‚Ä¶

        see more"
bingdi-chunyu-1535a0b4,Financial Management Associate,TaraPaige Group,Jul 2017 ‚Äì Mar 2018,Greater New York City Area,"‚Ä¢Assessed 5 types of financial data ledgers from 5 hospitality groups via Excel VBA and Pivot Tables; compiled weeklyreports, visualized via Tableau, and made suggestions to stakeholders‚Ä¢Built interactive dashboards and stories utilizing over 15 types of Level of Details‚Ä¢Calculated quarterly budget of $1,000,000 and audited financial ledgers including profit and loss report‚Ä¢Analyzed and optimized click-through and conversion from social media platforms

    
‚Ä¶

        see more"
zhenwei-hanson-zhang-176a1a114,Software Engineer Intern,WeWork,May 2019 ‚Äì Aug 2019,"New York, New York",
zhenwei-hanson-zhang-176a1a114,Application Developer,UNC School of Media and Journalism,Aug 2017 ‚Äì Jul 2018,Chapel Hill,Developed IOS and Android news apps for nrcolumbus.com using Ionic. Design part of User Interface. Acted as liaison between developers and designers. Published application on the Apple store.
zhenwei-hanson-zhang-176a1a114,Student Technician,University of North Carolina at Chapel Hill,Aug 2015 ‚Äì May 2018,IT Service Center,"Provide Walk-in support for clients and troubleshoot issues for clients, including software installs, mobile device configuration, machine check-in as well as knowledge surrounding potential technology purchasing"
zhenwei-hanson-zhang-176a1a114,Research Assistant,University of North Carolina at Chapel Hill,May 2017 ‚Äì Feb 2018,Chapel Hill,Help develop online platform using JavaScript for students to write small programs and get graded automatically and share with professors and classmates.
zhenwei-hanson-zhang-176a1a114,Software Engineer Intern,Monikos,May 2017 ‚Äì Aug 2017,"Chapel Hill, NC","Full-Stack developer. Works include front-end using JavaScript and Angular, database migration from MySQL to MongoDB and also UI and UX design."
zhenwei-hanson-zhang-176a1a114,Research Assistant,Fudan University,May 2016 ‚Äì Aug 2016,"Shanghai City, China",Building models on risk management in financial markets and derivatives.
zhenwei-hanson-zhang-176a1a114,Photographer,The Daily Tar Heel,Aug 2015 ‚Äì Aug 2016,"Chapel Hill, NC","Cover topics including sports, university, features."
alissa-wang-85842891,Data Analyst Intern - Advanced Data Analytics,Fidelity Investments,Jun 2019 ‚Äì Aug 2019,Greater Boston Area,"Analyzed extensive vendor and internal data to evaluate fund ESG (environment, social, and governance) performanceCreated and deployed a fully functioning and interactive web application that produced analyses and visualizations based on user queries and ESG factor inputsUsed natural language processing to analyze litigation risks of consumer companies"
alissa-wang-85842891,Analyst,Shunwei Capital,Feb 2017 ‚Äì Jul 2018,"Beijing, China","Sourced investment opportunities in consumer internet, IoT, industry 4.0, agriculture technology, etc.Collected and analyzed data to conduct industry and company researchCreated regression models to forecast companies‚Äô user growth and revenue potentials"
alissa-wang-85842891,Summer Intern,PwC,Jun 2016 ‚Äì Aug 2016,"Los Angeles, CA","Performed sampling and quantitative analyses regarding commercial loans and stock offerings, which supported in the GAAP-compliant reviewConducted research on the impact of ‚ÄúBrexit‚Äù on the financial services industry in the UK; published a report on PwC's internal circulation"
alissa-wang-85842891,Business Analyst Intern,Qualcomm,May 2015 ‚Äì Aug 2015,"San Diego, CA",Summer 2013 & 2015Collected data on Brazilian mobile operators; established models for analyzing smartphone usage trend
alissa-wang-85842891,Research Intern,Fosun Group,May 2014 ‚Äì Jul 2014,"Beijing, China",Conducted research into companies in the electronic commerce and health care industriesAnalyzed financial status and development potentials of the investment targets and offered investment advice to the TMT team
